"","confirmation_code","Gender","SES","X1.111","X1.112","Al.IW2.1"
"1",31534780,1,9,NA,NA,NA
"5",12401663,1,5,NA,NA,NA
"6",83057952,2,6,NA,NA,NA
"7",75671799,1,5,NA,NA,NA
"11",63728789,2,6,NA,NA,NA
"12",65848843,2,6,NA,NA,NA
"13",84896134,1,3,NA,NA,NA
"17",36087871,2,6,NA,NA,NA
"18",87778860,1,5,NA,NA,NA
"20",89100253,2,5,NA,NA,NA
"22",51746936,1,3,NA,NA,NA
"24",96509428,1,7,NA,NA,NA
"25",11552163,2,9,NA,NA,NA
"27",23760736,1,8,NA,NA,NA
"31",97726007,2,8,NA,NA,NA
"32",37314419,1,5,NA,NA,NA
"33",13703629,2,5,NA,NA,NA
"35",54472245,1,7,NA,NA,NA
"36",84455746,2,7,NA,NA,NA
"38",95320498,1,8,NA,NA,NA
"39",25565824,1,6,1,NA,NA
"40",24954095,1,6,NA,NA,NA
"41",14121385,1,6,NA,NA,NA
"42",85018941,1,4,NA,NA,NA
"45",35211969,2,8,NA,NA,NA
"48",31722731,1,6,NA,NA,NA
"49",94821193,2,7,NA,NA,NA
"53",58812946,1,7,NA,NA,NA
"55",16045204,1,5,NA,NA,NA
"56",90408593,2,5,NA,NA,NA
"57",98495520,2,6,NA,NA,NA
"58",54582673,1,8,NA,NA,NA
"61",16991418,1,9,NA,NA,NA
"62",75518668,1,8,NA,NA,NA
"63",66233556,1,9,NA,NA,NA
"64",88131402,2,5,NA,NA,NA
"65",42761327,2,8,NA,NA,NA
"69",94642755,2,3,NA,NA,NA
"70",88207992,2,8,NA,NA,NA
"71",63619891,1,5,NA,NA,NA
"73",93627572,1,7,NA,NA,NA
"74",99891610,2,1,NA,NA,NA
"75",15320149,1,5,NA,NA,NA
"76",33266318,2,4,NA,NA,NA
"78",31403204,2,7,NA,NA,NA
"80",34027738,2,6,NA,NA,NA
"81",52178428,2,6,NA,NA,NA
"82",52316289,1,8,NA,NA,NA
"84",50901405,2,5,NA,NA,NA
"85",34698150,2,6,NA,NA,NA
"86",26191066,2,5,NA,NA,NA
"88",70876027,1,5,NA,NA,NA
"89",70044343,2,8,NA,NA,NA
"90",69311124,2,6,NA,NA,NA
"93",71758145,1,7,NA,NA,NA
"96",45315639,1,6,NA,NA,NA
"97",46702061,1,5,NA,NA,NA
"98",55340210,2,6,NA,NA,NA
"99",36064529,2,7,NA,NA,NA
"100",46797881,2,7,NA,NA,NA
"101",21693448,2,7,NA,NA,NA
"102",65504426,1,8,NA,NA,NA
"104",26349703,NA,5,NA,NA,NA
"106",47308140,1,9,NA,NA,NA
"107",89438580,1,6,NA,NA,NA
"109",97860045,1,7,NA,NA,NA
"110",41583118,2,6,1,NA,NA
"114",44078359,2,8,NA,NA,NA
"117",84381302,1,5,NA,NA,NA
"119",35179061,1,8,NA,NA,NA
"120",83449909,2,7,NA,NA,NA
"121",74603839,2,5,NA,NA,NA
"122",34647004,1,8,NA,NA,NA
"125",35208306,1,9,NA,NA,NA
"127",90024006,2,4,NA,NA,NA
"130",55199225,1,4,NA,NA,NA
"137",66796674,2,6,NA,NA,NA
"138",21143087,2,7,NA,NA,NA
"140",80154893,2,7,1,NA,NA
"141",18639326,1,4,NA,NA,NA
"142",70833993,2,7,NA,NA,NA
"144",93332267,2,8,NA,1,1
"146",14947750,2,6,NA,NA,NA
"149",59712904,1,5,NA,NA,NA
"152",22707772,2,5,NA,NA,NA
"154",42328758,1,5,NA,NA,NA
"155",67277157,2,5,NA,NA,NA
"156",26291727,2,6,NA,NA,NA
"157",72001767,2,7,NA,NA,NA
"160",59116102,2,8,NA,NA,NA
"161",67327149,2,6,NA,NA,NA
"162",11507035,2,6,NA,NA,NA
"163",92024497,1,9,NA,NA,NA
"164",46294528,1,4,NA,NA,NA
"165",83782179,2,8,NA,NA,NA
"166",81798174,1,8,NA,NA,NA
"167",81989183,2,4,NA,NA,NA
"168",54416833,1,7,NA,NA,NA
"170",67383407,2,3,NA,1,3
"171",28170701,1,9,NA,NA,NA
"172",57048020,1,7,NA,NA,NA
"176",91830771,2,5,NA,NA,NA
"179",86818454,2,6,NA,NA,NA
"180",19990277,1,5,NA,NA,NA
"181",67298674,2,4,NA,NA,NA
"183",27983169,1,4,NA,NA,NA
"184",94315928,1,8,NA,NA,NA
"185",93693425,2,6,NA,NA,NA
"186",11884151,2,9,NA,NA,NA
"187",89442005,2,8,NA,NA,NA
"188",19866607,1,6,NA,NA,NA
"191",34260150,2,6,NA,NA,NA
"194",71854667,1,7,NA,NA,NA
"195",73558215,1,6,NA,NA,NA
"196",77324483,1,5,NA,NA,NA
"198",32185041,2,7,NA,NA,NA
"201",56992210,1,8,NA,NA,NA
"203",43499092,2,9,NA,NA,NA
"204",61191662,1,3,NA,NA,NA
"205",54853399,2,7,NA,NA,NA
"206",34904588,1,10,NA,NA,NA
"207",24934480,1,8,NA,NA,NA
"208",92264352,2,10,NA,NA,NA
"209",96401199,2,6,NA,NA,NA
"211",29743821,2,9,NA,NA,NA
"212",43271165,2,5,NA,NA,NA
"214",41065540,2,7,NA,NA,NA
"217",99389612,2,8,NA,NA,NA
"218",27067592,2,2,NA,NA,NA
"219",82463752,1,5,NA,NA,NA
"220",48099241,2,8,NA,NA,NA
"221",85001812,2,6,1,NA,NA
"222",39121022,2,6,NA,NA,NA
"223",20248074,2,6,NA,NA,NA
"227",47435495,1,3,NA,NA,NA
"228",53476613,2,7,NA,NA,NA
"230",52242392,2,8,NA,NA,NA
"234",54448834,2,9,NA,NA,NA
"235",18594440,2,4,NA,NA,NA
"237",84277826,2,7,NA,NA,NA
"238",85138732,2,7,NA,NA,NA
"239",39509795,2,7,NA,NA,NA
"240",43580644,2,8,NA,NA,NA
"242",16630609,1,6,NA,NA,NA
"244",56688294,1,6,NA,NA,NA
"249",74950658,1,8,NA,1,2
"250",46084384,2,6,NA,NA,NA
"251",84762980,1,5,NA,NA,NA
"253",47287652,2,7,NA,NA,NA
"254",61265292,1,7,NA,NA,NA
"255",31628016,1,5,NA,NA,NA
"256",82922163,2,6,NA,NA,NA
"261",49861829,1,6,NA,1,2
"263",57164065,2,4,NA,NA,NA
"267",21152766,1,4,NA,NA,NA
"270",86028856,2,5,NA,NA,NA
"271",86184716,2,4,NA,NA,NA
"273",16184981,2,7,NA,NA,NA
"274",54261257,1,4,NA,NA,NA
"275",67508298,2,6,NA,NA,NA
"276",46573883,2,8,1,NA,NA
"278",69809799,1,6,NA,NA,NA
"280",28563179,2,6,NA,NA,NA
"281",96177306,2,4,NA,NA,NA
"282",40366245,2,9,NA,NA,NA
"284",77245407,1,6,NA,NA,NA
"285",27895229,2,4,NA,NA,NA
"286",70546621,2,4,NA,NA,NA
"287",55786807,2,5,NA,NA,NA
"290",53706372,2,5,NA,NA,NA
"292",78728188,1,8,NA,NA,NA
"298",67843692,2,4,NA,NA,NA
"302",93831543,2,7,NA,NA,NA
"304",51837224,2,3,NA,NA,NA
"305",93744642,2,4,NA,NA,NA
"306",70393784,2,7,NA,NA,NA
"307",80061319,2,8,NA,NA,NA
"308",96562142,2,7,NA,NA,NA
"309",21780871,1,6,NA,NA,NA
"311",65206927,1,8,NA,NA,NA
"314",61554379,1,7,NA,NA,NA
"315",51995055,2,4,NA,NA,NA
"316",48629620,2,4,NA,NA,NA
"317",79099179,2,7,NA,NA,NA
"318",64810196,1,8,NA,NA,NA
"319",26854803,1,8,NA,NA,NA
"320",61039371,1,9,NA,NA,NA
"322",15498410,2,8,NA,NA,NA
"325",48214852,1,6,NA,NA,NA
"327",37501341,2,6,NA,NA,NA
"328",55368720,1,8,NA,NA,NA
"329",30308885,1,5,NA,NA,NA
"330",37964799,2,6,NA,NA,NA
"332",69559416,2,8,NA,NA,NA
"334",27655158,1,7,NA,NA,NA
"335",79802336,2,7,NA,NA,NA
"338",61612937,1,4,NA,NA,NA
"339",93291729,1,6,NA,NA,NA
"341",72508537,1,9,NA,NA,NA
"343",50950177,1,7,NA,NA,NA
"347",33292056,2,6,NA,1,3
"348",63690915,2,8,NA,NA,NA
"349",84778091,2,8,NA,NA,NA
"352",34397661,1,4,NA,NA,NA
"353",51376777,2,4,NA,NA,NA
"354",19562518,1,4,NA,NA,NA
"358",39956910,1,6,NA,NA,NA
"359",21958269,2,9,NA,NA,NA
"360",14851089,2,7,NA,NA,NA
"362",65482824,2,6,NA,NA,NA
"364",53192073,1,8,NA,NA,NA
"365",40289134,2,6,NA,NA,NA
"367",53493490,1,9,NA,NA,NA
"368",16292781,2,4,NA,NA,NA
"369",95354795,2,5,NA,NA,NA
"370",88870486,2,6,NA,NA,NA
"371",64175359,2,6,NA,NA,NA
"372",31698825,2,3,NA,NA,NA
"373",22737697,2,9,NA,NA,NA
"374",55929390,1,8,NA,NA,NA
"379",40099005,1,4,NA,NA,NA
"381",92450408,2,8,NA,NA,NA
"384",98037462,2,7,NA,NA,NA
"386",29588939,2,8,NA,NA,NA
"388",23513720,2,5,NA,NA,NA
"389",22409728,1,5,NA,NA,NA
"390",56798174,1,4,NA,NA,NA
"393",60143278,2,5,NA,NA,NA
"394",66985711,2,6,NA,NA,NA
"399",40388719,1,8,NA,NA,NA
"400",23788132,2,8,NA,NA,NA
"401",44214780,1,6,NA,NA,NA
"402",74121404,2,4,NA,NA,NA
"403",69607224,2,8,NA,NA,NA
"405",36405216,2,5,NA,NA,NA
"407",23469078,1,9,NA,NA,NA
"411",21755492,2,4,NA,NA,NA
"412",70872588,2,8,NA,NA,NA
"413",79244780,2,8,NA,NA,NA
"418",46010151,2,9,NA,NA,NA
"421",58752399,2,4,NA,NA,NA
"422",72529289,2,7,1,NA,NA
"423",70770287,1,4,NA,NA,NA
"425",43258503,2,6,NA,NA,NA
"427",88129809,2,7,NA,NA,NA
"429",70274218,1,5,NA,1,2
"430",56476851,1,7,NA,NA,NA
"433",71142361,2,3,NA,NA,NA
"434",82153519,1,6,NA,NA,NA
"436",26503435,2,6,NA,NA,NA
"437",38820654,1,4,NA,NA,NA
"438",90918272,2,7,NA,NA,NA
"439",69664292,2,6,NA,NA,NA
"440",18670913,2,4,NA,NA,NA
"442",72742565,2,7,NA,NA,NA
"445",23159202,2,7,NA,NA,NA
"446",37597768,1,4,NA,NA,NA
"450",45200973,2,4,NA,NA,NA
"452",93683905,1,7,NA,NA,NA
"454",27324369,1,4,NA,NA,NA
"457",58337430,2,5,NA,NA,NA
"458",51963360,1,8,NA,NA,NA
"459",28716441,2,6,NA,NA,NA
"461",61138872,1,7,NA,NA,NA
"466",38621690,1,6,NA,NA,NA
"471",41695758,1,7,NA,NA,NA
"472",46615144,1,7,NA,NA,NA
"476",83868831,1,6,NA,NA,NA
"478",63794998,1,8,NA,NA,NA
"479",52463485,2,5,NA,NA,NA
"480",60473853,2,4,NA,NA,NA
"481",88212679,1,6,NA,NA,NA
"483",36127521,1,5,NA,NA,NA
"484",67962126,2,4,NA,NA,NA
"486",53233399,2,6,NA,NA,NA
"492",32519641,1,4,NA,NA,NA
"493",32975525,2,4,NA,NA,NA
"495",59826436,2,7,NA,NA,NA
"498",22520100,1,8,NA,NA,NA
"499",80791213,1,3,NA,NA,NA
"501",38977533,1,7,NA,NA,NA
"502",45002256,1,6,NA,NA,NA
"506",91043543,2,4,NA,NA,NA
"507",56445818,2,6,NA,NA,NA
"509",29557217,1,7,NA,NA,NA
"510",51318797,2,8,NA,NA,NA
"514",66391844,1,4,NA,NA,NA
"515",83153822,1,5,NA,NA,NA
"516",85959326,2,4,NA,NA,NA
"519",97196128,2,8,NA,NA,NA
"521",95291136,1,5,NA,NA,NA
"523",95043432,2,3,NA,NA,NA
"525",81630337,2,4,NA,NA,NA
"526",86601360,2,5,NA,NA,NA
"527",78671841,2,8,NA,NA,NA
"530",91111560,2,5,NA,NA,NA
"531",39367587,2,5,NA,NA,NA
"532",13648170,1,5,NA,NA,NA
"533",71780867,2,8,NA,NA,NA
"534",62779213,2,8,NA,NA,NA
"535",45921475,2,6,NA,NA,NA
"538",75476662,1,7,NA,NA,NA
"539",45400927,2,4,NA,NA,NA
"543",44750965,2,6,NA,NA,NA
"544",98734822,1,4,NA,NA,NA
"547",74499471,2,4,NA,NA,NA
"548",73266726,2,4,NA,NA,NA
"549",68500008,1,10,NA,NA,NA
"551",67263388,1,8,NA,NA,NA
"553",28950038,2,8,NA,NA,NA
"555",74666800,1,7,NA,NA,NA
"557",45309915,2,5,NA,NA,NA
"559",89227305,2,8,NA,NA,NA
"562",91238527,1,5,NA,NA,NA
"563",23608840,2,6,NA,NA,NA
"564",89192204,2,6,NA,NA,NA
"566",72642503,1,7,NA,NA,NA
"568",36618451,1,8,NA,NA,NA
"569",76498099,2,5,NA,NA,NA
"570",39796481,1,3,NA,NA,NA
"571",73655940,2,4,NA,1,1
"572",93321142,1,5,NA,NA,NA
"573",10466911,1,7,NA,NA,NA
"574",54952283,2,7,1,NA,NA
"575",28898624,2,7,NA,NA,NA
"576",67397864,2,5,NA,NA,NA
"578",19680172,2,7,NA,NA,NA
"579",39691246,1,4,NA,NA,NA
"581",26936406,1,5,NA,NA,NA
"584",41233045,2,2,NA,NA,NA
"585",62807438,2,8,NA,NA,NA
"586",26696221,2,8,NA,NA,NA
"587",35996879,1,5,NA,NA,NA
"588",84512290,2,8,NA,NA,NA
"590",74340212,2,8,NA,NA,NA
"593",56710103,2,6,NA,NA,NA
"594",59964746,2,7,NA,NA,NA
"596",98531634,1,6,NA,NA,NA
"597",61087057,2,7,NA,NA,NA
"598",31371700,1,5,NA,NA,NA
"600",64405298,2,8,NA,NA,NA
"602",63422759,2,9,NA,NA,NA
"604",18004041,2,6,NA,NA,NA
"605",19149813,1,8,NA,NA,NA
"606",52745224,1,8,NA,NA,NA
"607",32061633,2,6,NA,NA,NA
"612",11050460,2,5,NA,NA,NA
"615",66441445,1,9,NA,NA,NA
"620",34853425,2,5,NA,NA,NA
"621",40914909,2,8,NA,NA,NA
"623",59787036,2,9,NA,NA,NA
"624",83350691,1,4,NA,NA,NA
"626",56499935,2,9,1,NA,NA
"629",65307998,1,5,NA,NA,NA
"630",45928283,1,5,NA,NA,NA
"631",25076135,2,8,NA,NA,NA
"634",89028951,2,3,NA,NA,NA
"635",54470922,1,7,NA,NA,NA
"637",80725542,2,10,NA,NA,NA
"640",36216487,2,3,NA,NA,NA
"641",29193592,2,7,NA,NA,NA
"642",92527832,1,4,NA,NA,NA
"645",12004634,1,9,NA,1,3
"648",87821915,2,8,NA,NA,NA
"650",31334734,1,7,NA,NA,NA
"652",32668778,1,5,NA,NA,NA
"659",27153812,2,4,NA,NA,NA
"660",31215864,2,6,NA,NA,NA
"663",20705074,1,5,NA,NA,NA
"664",70549751,2,4,NA,NA,NA
"666",31889779,1,7,NA,NA,NA
"668",42965665,2,8,NA,NA,NA
"670",54629924,1,4,NA,NA,NA
"671",22437160,1,4,NA,1,1
"672",59881152,2,6,NA,NA,NA
"673",46521425,1,7,NA,NA,NA
"674",82965986,1,5,NA,NA,NA
"675",31592181,2,7,NA,NA,NA
"677",76041698,2,6,NA,NA,NA
"678",33408469,2,3,NA,NA,NA
"679",82045560,1,6,NA,NA,NA
"682",71380567,1,4,NA,NA,NA
"683",90411362,2,8,NA,NA,NA
"685",40907695,1,7,NA,NA,NA
"686",49221496,1,8,NA,NA,NA
"687",19766625,2,7,NA,NA,NA
"688",60577182,1,8,NA,NA,NA
"689",26312038,2,6,NA,NA,NA
"692",38760369,1,6,1,NA,NA
"696",89523759,1,6,NA,NA,NA
"697",97612864,1,3,NA,NA,NA
"699",14957952,1,4,NA,NA,NA
"700",93313494,2,6,NA,NA,NA
"702",13104958,2,6,NA,NA,NA
"703",21724603,2,7,NA,NA,NA
"705",47662095,2,3,NA,NA,NA
"706",85461568,1,8,NA,NA,NA
"709",47368541,1,10,NA,NA,NA
"712",34209777,2,6,NA,NA,NA
"713",77033131,2,5,NA,NA,NA
"714",84531602,2,7,NA,NA,NA
"715",88075272,2,9,NA,NA,NA
"716",59814352,1,7,NA,NA,NA
"717",97514190,1,7,NA,NA,NA
"720",56199980,2,5,NA,NA,NA
"721",94690182,2,4,NA,NA,NA
"722",23442006,1,7,NA,NA,NA
"723",51447117,2,6,NA,NA,NA
"724",48210030,1,6,NA,NA,NA
"726",45876349,1,6,NA,NA,NA
"729",73270960,1,5,NA,NA,NA
"730",70862991,2,6,NA,NA,NA
"731",31696962,1,7,NA,NA,NA
"732",79866901,1,8,NA,NA,NA
"734",63610035,1,6,NA,NA,NA
"735",53672842,2,6,NA,NA,NA
"737",50291192,2,7,NA,NA,NA
"738",36614357,1,5,NA,NA,NA
"740",59355371,1,9,NA,NA,NA
"741",60901783,2,3,NA,NA,NA
"742",26047629,1,9,NA,NA,NA
"743",36608965,2,8,NA,NA,NA
"744",20490665,1,8,NA,NA,NA
"745",67907874,2,7,1,NA,NA
"746",59901863,1,9,NA,NA,NA
"749",39054006,2,8,NA,NA,NA
"751",80363797,2,7,NA,NA,NA
"753",97195968,1,7,NA,NA,NA
"755",60406471,1,8,NA,NA,NA
"756",75108209,1,6,NA,NA,NA
"757",42651405,2,5,NA,NA,NA
"761",85029516,2,6,NA,NA,NA
"762",46093997,2,6,NA,NA,NA
"764",19313729,2,6,NA,NA,NA
"765",57443989,2,6,NA,NA,NA
"766",65863712,2,8,NA,NA,NA
"768",77054694,1,5,NA,NA,NA
"771",92647847,1,8,NA,NA,NA
"772",38194490,1,9,NA,NA,NA
"773",12621266,2,7,NA,NA,NA
"775",10597878,2,5,NA,NA,NA
"776",93907854,1,7,NA,NA,NA
"779",58635298,2,8,NA,NA,NA
"780",17800662,1,8,NA,NA,NA
"781",59179849,1,7,NA,NA,NA
"782",21069189,2,6,NA,NA,NA
"783",24175915,1,3,NA,NA,NA
"784",22724631,2,7,NA,1,1
"787",60205018,2,4,NA,NA,NA
"788",73929143,2,3,NA,NA,NA
"789",24290867,2,4,NA,NA,NA
"790",42649061,1,5,NA,NA,NA
"792",64664482,1,6,NA,NA,NA
"793",51306809,2,4,NA,NA,NA
"795",19849824,1,7,1,NA,NA
"797",64749563,2,5,NA,NA,NA
"798",12601497,2,4,NA,NA,NA
"799",65243297,2,9,NA,NA,NA
"800",57683350,1,9,NA,NA,NA
"801",59175290,2,4,NA,NA,NA
"803",64383902,1,5,NA,NA,NA
"804",41171764,2,9,NA,NA,NA
"805",41681591,2,8,NA,NA,NA
"806",33624065,2,6,NA,NA,NA
"809",13925625,2,4,NA,NA,NA
"813",57449610,1,4,NA,NA,NA
"815",12525335,2,6,NA,NA,NA
"817",40219446,2,10,NA,NA,NA
"818",31809467,1,7,NA,NA,NA
"819",83666214,2,7,NA,NA,NA
"821",10733028,1,10,NA,NA,NA
"823",29686677,1,8,NA,NA,NA
"824",88770601,1,6,NA,NA,NA
"825",94996007,1,8,NA,NA,NA
"826",14163426,1,6,NA,NA,NA
"827",85734881,1,7,1,NA,NA
"828",44648389,1,3,NA,NA,NA
"829",10407229,2,6,NA,NA,NA
"830",83868015,1,8,NA,NA,NA
"832",26086245,2,4,NA,NA,NA
"834",65253893,2,7,NA,NA,NA
"836",35421987,1,6,NA,NA,NA
"837",83069812,2,5,NA,NA,NA
"838",68942633,1,5,NA,NA,NA
"839",91621251,2,4,NA,NA,NA
"841",33908747,2,6,NA,NA,NA
"843",49232006,2,10,NA,NA,NA
"844",44769983,2,8,NA,NA,NA
"845",16869747,1,6,NA,NA,NA
"847",65632980,2,8,NA,NA,NA
"848",39038863,2,6,NA,NA,NA
"849",67804681,1,7,NA,NA,NA
"850",56193363,1,7,NA,NA,NA
"851",90482220,1,6,NA,NA,NA
"852",59999188,1,6,NA,NA,NA
"853",49778125,2,7,NA,NA,NA
"855",30927456,2,8,NA,NA,NA
"856",37609716,2,8,NA,NA,NA
"858",13240418,2,7,NA,NA,NA
"859",44446914,1,5,NA,NA,NA
"861",20450536,1,6,NA,NA,NA
"863",64975021,1,4,1,NA,NA
"864",78860145,2,8,NA,NA,NA
"866",65253267,1,7,NA,NA,NA
"867",86063146,2,8,NA,NA,NA
"868",34943513,2,6,NA,NA,NA
"869",39108195,2,5,NA,NA,NA
"870",62417992,2,9,NA,NA,NA
"872",56436666,1,5,NA,NA,NA
"874",35557304,2,7,NA,NA,NA
"876",11654772,2,5,NA,NA,NA
"877",11886217,1,5,NA,NA,NA
"878",33133723,2,8,NA,NA,NA
"879",79652945,2,10,NA,NA,NA
"881",67438539,2,4,NA,NA,NA
"883",81066623,1,6,NA,NA,NA
"884",92869707,1,8,NA,NA,NA
"885",15586911,2,8,NA,NA,NA
"886",17726873,2,8,NA,NA,NA
"887",30689335,1,5,NA,NA,NA
"888",58208894,2,6,1,NA,NA
"891",62255329,2,5,NA,NA,NA
"892",29582253,1,7,NA,NA,NA
"896",23384078,2,3,NA,NA,NA
"899",63958481,1,6,NA,NA,NA
"901",26189381,2,5,NA,NA,NA
"902",36554334,1,6,NA,NA,NA
"904",81592605,2,6,NA,NA,NA
"906",34033231,1,5,NA,NA,NA
"907",27776732,1,9,NA,NA,NA
"908",47009844,2,5,NA,NA,NA
"909",67110713,1,6,NA,NA,NA
"910",39380804,2,5,NA,NA,NA
"911",75663571,1,5,NA,NA,NA
"913",23204910,1,8,NA,NA,NA
"914",64165355,2,4,NA,NA,NA
"920",23611652,2,5,NA,NA,NA
"923",31422249,1,6,NA,NA,NA
"925",30493527,1,6,NA,NA,NA
"927",26291654,2,6,NA,NA,NA
"928",24752199,1,6,NA,NA,NA
"929",97707637,2,5,NA,NA,NA
"932",29075974,2,4,NA,NA,NA
"933",23643442,2,6,NA,NA,NA
"936",82473280,2,6,NA,NA,NA
"937",93383287,2,7,NA,NA,NA
"938",60316944,2,4,NA,NA,NA
"941",42685722,1,9,NA,NA,NA
"943",36130806,1,5,NA,NA,NA
"944",54190698,2,6,NA,NA,NA
"945",28873976,1,5,NA,NA,NA
"947",46024325,2,6,NA,NA,NA
"949",19372784,1,8,NA,NA,NA
"952",55407088,2,7,NA,NA,NA
"953",76072319,1,9,NA,NA,NA
"955",12120766,1,5,NA,NA,NA
"960",81179242,2,8,NA,NA,NA
"961",48105764,2,6,NA,NA,NA
"963",63397573,2,5,NA,NA,NA
"965",59069533,2,8,1,NA,NA
"966",64811791,2,8,NA,NA,NA
"970",35644403,2,6,NA,NA,NA
"977",18625596,1,6,NA,NA,NA
"978",43424475,2,5,NA,NA,NA
"979",28843391,1,4,NA,NA,NA
"980",76325619,2,7,NA,NA,NA
"983",85790276,2,8,NA,NA,NA
"984",55358602,1,3,NA,NA,NA
"985",64416355,1,8,NA,NA,NA
"986",29175973,1,5,NA,NA,NA
"987",77166561,2,7,NA,NA,NA
"988",80822947,1,5,NA,NA,NA
"989",51379124,2,4,NA,NA,NA
"990",68582541,1,5,NA,NA,NA
"991",12710037,2,4,NA,1,2
"992",63947022,1,4,NA,NA,NA
"994",16423432,2,3,NA,NA,NA
"995",39844158,2,7,NA,NA,NA
"996",81920150,1,7,NA,NA,NA
"998",97793269,1,5,NA,NA,NA
"999",80019917,1,9,NA,NA,NA
"1000",10874641,2,7,NA,NA,NA
"1001",24866714,2,5,NA,NA,NA
"1003",64193410,2,6,NA,NA,NA
"1004",29426693,2,7,NA,NA,NA
"1005",11183681,2,7,NA,NA,NA
"1006",74513710,2,5,NA,NA,NA
"1007",56459398,2,5,NA,NA,NA
"1011",19262185,1,6,NA,NA,NA
"1012",17386252,NA,NA,NA,NA,NA
"1013",33952764,1,4,NA,NA,NA
"1018",30460846,1,6,NA,NA,NA
"1019",84365047,1,7,1,NA,NA
"1020",18657599,2,7,NA,NA,NA
"1021",95392129,1,7,NA,NA,NA
"1022",79154985,1,5,NA,NA,NA
"1025",68513103,1,5,NA,NA,NA
"1027",87414094,1,9,NA,NA,NA
"1029",73510879,2,4,NA,NA,NA
"1031",28165708,2,8,NA,NA,NA
"1032",18087716,1,7,NA,1,2
"1034",30664482,NA,NA,NA,NA,NA
"1038",71468044,2,6,NA,NA,NA
"1040",94261957,2,2,1,NA,NA
"1044",73874852,2,5,NA,NA,NA
"1047",32575282,1,6,NA,NA,NA
"1054",29645245,1,6,NA,NA,NA
"1056",39300532,1,7,NA,NA,NA
"1059",63582395,2,8,NA,NA,NA
"1060",55043532,2,6,NA,NA,NA
"1064",74718140,1,6,NA,NA,NA
"1066",93078226,2,7,NA,NA,NA
"1067",80663870,2,8,NA,NA,NA
"1068",17690056,2,8,NA,NA,NA
"1069",52666543,2,7,NA,NA,NA
"1070",99047109,2,5,NA,NA,NA
"1072",98082381,NA,5,NA,NA,NA
"1073",91620016,2,5,NA,NA,NA
"1074",69807746,2,5,NA,NA,NA
"1077",11562800,2,5,NA,NA,NA
"1078",23487082,2,9,NA,NA,NA
"1081",22590571,1,6,NA,NA,NA
"1082",36578068,1,5,NA,NA,NA
"1084",14367271,2,9,1,NA,NA
"1087",71234486,2,5,NA,NA,NA
"1088",59723082,2,8,NA,NA,NA
"1089",53336269,2,4,NA,NA,NA
"1093",97186686,2,7,NA,NA,NA
"1094",63928392,2,5,NA,NA,NA
"1098",66116498,1,9,NA,NA,NA
"1101",41065828,1,7,NA,1,2
"1103",34767813,1,3,NA,NA,NA
"1106",84331479,2,5,NA,NA,NA
"1111",14438759,1,9,NA,NA,NA
"1113",78022952,2,5,NA,NA,NA
"1115",64857280,2,5,NA,NA,NA
"1116",51149207,2,5,NA,NA,NA
"1117",27063548,2,5,NA,NA,NA
"1119",97751585,2,8,NA,NA,NA
"1123",42143236,1,4,NA,NA,NA
"1126",12032593,1,5,NA,NA,NA
"1127",20891755,2,7,NA,NA,NA
"1128",53382574,1,6,NA,NA,NA
"1129",99799172,1,6,NA,NA,NA
"1132",79978958,2,4,NA,NA,NA
"1133",88706262,1,8,NA,NA,NA
"1138",16508827,1,10,NA,NA,NA
"1139",35534245,1,8,NA,NA,NA
"1140",82455446,1,7,NA,NA,NA
"1142",19413435,2,7,NA,1,1
"1143",14435995,2,8,NA,NA,NA
"1144",18487341,1,4,NA,NA,NA
"1145",83575404,1,7,NA,NA,NA
"1146",44658150,2,6,NA,NA,NA
"1150",55770812,1,7,NA,NA,NA
"1155",80683955,1,4,NA,NA,NA
"1156",59867621,2,4,NA,NA,NA
"1159",51808492,1,5,NA,NA,NA
"1160",58596352,2,7,NA,NA,NA
"1162",84349601,2,5,NA,NA,NA
"1163",16690114,1,8,NA,NA,NA
"1165",29359095,2,2,NA,NA,NA
"1166",45126760,2,7,NA,NA,NA
"1167",86923707,2,5,NA,NA,NA
"1168",65851208,1,5,NA,NA,NA
"1169",98209702,1,8,NA,NA,NA
"1172",14002001,2,7,NA,NA,NA
"1173",71357686,2,6,NA,NA,NA
"1174",46357252,1,4,NA,NA,NA
"1176",35130358,2,8,NA,NA,NA
"1177",62453190,2,9,NA,NA,NA
"1178",82566003,2,6,NA,NA,NA
"1179",25210996,1,8,NA,NA,NA
"1180",76580910,2,7,NA,NA,NA
"1182",80181917,1,6,NA,NA,NA
"1183",55168977,2,7,NA,NA,NA
"1184",40939082,1,6,NA,NA,NA
"1185",10638608,1,9,NA,NA,NA
"1187",47275484,2,5,NA,NA,NA
"1189",88444644,2,5,NA,NA,NA
"1190",79878265,1,6,NA,NA,NA
"1191",73274748,2,7,NA,NA,NA
"1193",77068800,2,9,NA,NA,NA
"1197",93140738,1,4,NA,NA,NA
"1198",98360896,2,4,NA,NA,NA
"1199",55009553,1,5,NA,NA,NA
"1200",10660999,2,4,NA,NA,NA
"1201",48115635,2,7,NA,NA,NA
"1202",28832994,1,7,NA,NA,NA
"1204",24989916,2,6,NA,NA,NA
"1205",75940666,1,6,NA,NA,NA
"1206",77535215,1,5,NA,NA,NA
"1207",78358654,2,8,NA,NA,NA
"1208",60197035,2,7,NA,NA,NA
"1209",46411579,2,8,1,NA,NA
"1212",30235113,2,6,NA,1,1
"1218",48649333,2,7,NA,NA,NA
"1223",24030485,2,6,NA,NA,NA
"1227",34592359,2,6,NA,NA,NA
"1229",21380936,2,5,NA,NA,NA
"1230",20056176,2,7,NA,NA,NA
"1234",32881359,1,8,NA,NA,NA
"1235",58554314,2,4,NA,NA,NA
"1237",46562096,2,4,NA,NA,NA
"1239",37965289,1,4,NA,NA,NA
"1241",22213709,1,7,NA,NA,NA
"1242",29347183,1,6,NA,NA,NA
"1243",74474595,1,6,NA,NA,NA
"1244",75954500,2,4,NA,NA,NA
"1247",39149244,2,7,NA,NA,NA
"1250",96826479,1,8,NA,NA,NA
"1251",42838781,2,7,NA,NA,NA
"1252",33501484,1,7,NA,NA,NA
"1253",99629897,1,4,NA,NA,NA
"1254",85928465,2,7,NA,NA,NA
"1255",23009299,1,9,NA,NA,NA
"1259",91316661,2,7,NA,NA,NA
"1261",75634692,1,5,NA,NA,NA
"1263",63415650,1,6,NA,NA,NA
"1266",33689832,1,5,NA,NA,NA
"1267",70548607,2,4,NA,1,2
"1270",26704913,1,7,NA,NA,NA
"1271",31459294,2,8,NA,NA,NA
"1272",22553782,1,7,NA,NA,NA
"1273",17180233,2,7,NA,NA,NA
"1274",17523195,2,5,NA,NA,NA
"1276",74475979,1,8,NA,NA,NA
"1277",60112361,2,2,NA,NA,NA
"1279",67156510,2,4,1,NA,NA
"1280",81314950,2,5,NA,NA,NA
"1283",55454123,2,8,NA,NA,NA
"1285",57728985,1,6,NA,NA,NA
"1286",79594334,1,8,NA,NA,NA
"1287",75159180,1,8,NA,NA,NA
"1288",17663327,2,5,NA,NA,NA
"1290",77807115,2,7,NA,NA,NA
"1291",41258973,2,5,NA,NA,NA
"1293",59252138,2,5,NA,NA,NA
"1296",65029433,1,8,NA,NA,NA
"1297",95219225,2,5,NA,NA,NA
"1300",87261455,1,7,NA,NA,NA
"1301",41700436,1,8,NA,NA,NA
"1302",88259901,1,4,NA,NA,NA
"1303",82714097,1,6,NA,NA,NA
"1304",50336252,1,7,NA,NA,NA
"1305",47248506,2,8,NA,NA,NA
"1306",99490094,2,5,NA,NA,NA
"1307",78486019,1,9,NA,NA,NA
"1308",59997535,2,6,NA,NA,NA
"1310",25622984,2,5,NA,NA,NA
"1311",66105903,2,7,NA,NA,NA
"1312",92047104,1,5,NA,NA,NA
"1314",18599594,2,10,NA,NA,NA
"1316",19672776,2,6,NA,NA,NA
"1320",57012388,2,7,NA,NA,NA
"1321",90730555,1,7,NA,NA,NA
"1324",20111620,2,4,NA,NA,NA
"1325",75463774,1,9,NA,NA,NA
"1326",26598426,1,6,NA,NA,NA
